incident_id,circuit,country,first_season,round,season,current_top_4_drivers,rounds,num_teams,lap,lap_remaining,full_laps,completion_percentage,sector,flag,safety_car,track_conditions,weather_conditions,session,incident_type,severity,positions_of_involved parties,num_drivers,drivers,nationalities,respective_teams,driver_standings,driver_points,construct_standings,construct_points,years_in_sport,superlicense_points_before_incident,investigation,incident_classification,driver_at_fault,penalty,superlicense_points_added,mentioned_article
2019__dc637624c0,abu_dhabi,uae,2009,,2019,,,,,,,,,,,,,,other,,,1,valtteri_bottas,,,,,,,,,TRUE,other,,,,
2019_race_f2c196a891,abu_dhabi,uae,2009,,2019,,,,,,,,3,,,,,race,collision,,,2,"robert_kubica,car_99",,rokit_williams_racing,,,,,,,TRUE,collision,none,no_further_action,,"Alleged breach of Appendix L, Chapter IV Article 2 of the FIA International Sporting Code."
2019__2e3717d043,abu_dhabi,uae,2009,,2019,,,,,,,,,,,,,,other,,,1,romain_grosjean,,,,,,,,,TRUE,other,,,,
2019__0d6188664d,abu_dhabi,uae,2009,,2019,,,,,,,,,,,,,,other,,,1,alexander_albon,,,,,,,,,TRUE,other,,,,
2019_race_3e8edd5d2f,abu_dhabi,uae,2009,,2019,,,,,,,,3,,,,,race,collision,,,2,"antonio_giovinazzi,car_88",,alfa_romeo_racing,,,,,,,TRUE,collision,none,no_further_action,,"Alleged breach of Appendix L, Chapter IV Article 2 of the FIA International Sporting Code."
2019__2a0bdd8099,abu_dhabi,uae,2009,,2019,,,,,,,,,,,,,,other,,,1,daniil_kvyat,,,,,,,,,TRUE,other,,,,
2019_practice_f480a3d053,abu_dhabi,uae,2009,,2019,,,,,,,,,,,,,practice,blocking,,,2,"nico_hulkenberg,car_23",,renault_f1_team,,,,,,,TRUE,blocking,,no_further_action,,Alleged breach of Article 31.5 of the FIA Formula One Sporting Regulations.
2019__90b6b411b3,abu_dhabi,uae,2009,,2019,,,,,,,,,,,,,,other,,,1,nico_hulkenberg,,,,,,,,,TRUE,other,,,,
2019_practice_0c5a79582a,abu_dhabi,uae,2009,,2019,,,,,,,,3,,,,,practice,collision,,,2,"valtteri_bottas,car_8",,mercedes_amg_petronas_motorsport,,,,,,,TRUE,collision,,reprimand,,"Breach of Appendix L, Chapter IV Article 2 of the FIA International Sporting Code."
2019_qualifying_b913779a0f,abu_dhabi,uae,2009,,2019,,,,,,,,,,,,,qualifying,unsafe_release,,,1,daniil_kvyat,,red_bull_toro_rosso_honda,,,,,,,TRUE,unsafe_release,,the_competitor_(red_bull_toro_rosso_honda)_is_fined_€5000.,,Breach of Article 28.13 (a) of the 2019 FIA Formula One Sporting Regulations.
2019_qualifying_72178f5794,melbourne,australia,1996,,2019,,,,,,,,,,,,,qualifying,unsafe_release,,,1,sergio_perez,,sportpesa_racing_point_f1_team,,,,,,,TRUE,unsafe_release,,no_further_action,,Alleged breach of Article 28.13 (a) of the 2019 FIA Formula One Sporting Regulations.
2019_qualifying_1f3540cb43,melbourne,australia,1996,,2019,,,,,,,,,,,,,qualifying,unsafe_release,,,1,kevin_magnussen,,rich_energy_haas_f1_team,,,,,,,TRUE,unsafe_release,,the_competitor_(rich_energy_haas_f1_team)_is_fined_€5000.,,Breach of Article 28.13 (a) of the FIA Formula One Sporting Regulations.
2019__19ea220597,melbourne,australia,1996,,2019,,,,,,,,,,,,,,other,,,1,sergio_perez,,,,,,,,,TRUE,other,,,,
2019__eb72e8751c,melbourne,australia,1996,,2019,,,,,,,,,,,,,,other,,,1,lando_norris,,,,,,,,,TRUE,other,,,,
2019__5c0d0eecdf,melbourne,australia,1996,,2019,,,,,,,,,,,,,,other,,,1,kevin_magnussen,,,,,,,,,TRUE,other,,,,
2019_practice_192ff84d1b,melbourne,australia,1996,,2019,,,,,,,,,,,,,practice,unsafe_release,,,1,lando_norris,,mclaren_f1_team,,,,,,,TRUE,unsafe_release,,the_competitor_(mclaren_f1_team)_is_fined_€5000.,,Breach of Article 28.13 (a) of the FIA Formula One Sporting Regulations.
2019_race_f57d567216,spielberg,austria,1970,,2019,,,,,,,,2,,,,,race,collision,,,2,"charles_leclerc,car_33",,scuderia_ferrari,,,,,,,TRUE,collision,car_33,no_further_action,,"Alleged incident as defined by Article 38.1 of the FIA Formula One Sporting Regulations and alleged Breach of Appendix L, Chapter IV Article 2 of the FIA International Sporting Code."
2019__c77442fa39,spielberg,austria,1970,,2019,,,,,,,,,,,,,,other,,,1,kimi_raikkonen,,,,,,,,,TRUE,other,,,,
2019__26155f34c1,spielberg,austria,1970,,2019,,,,,,,,,,,,,,other,,,1,george_russell,,,,,,,,,TRUE,other,,,,
2019_qualifying_7fe543b12c,spielberg,austria,1970,,2019,,,,,,,,,,,,,qualifying,other,,,1,kevin_magnussen,,rich_energy_haas_f1_team,,,,,,,TRUE,other,,drop_of_5_grid_positions.,,Breach of Article 23.5 a) of the FIA Formula One Sporting Regulations.
2019_qualifying_dd7dbe1a76,spielberg,austria,1970,,2019,,,,,,,,2,,,,,qualifying,blocking,,,2,"lewis_hamilton,car_7",,mercedes_amg_petronas_motorsport,,,,,,,TRUE,blocking,,a_drop_of_3_grid_positions_in_accordance_with_article_31.4_of_the_formula_one_sp,1,Breach of Article 31.5 of the FIA Formula One Sporting Regulations.
2019_qualifying_1b55e44833,spielberg,austria,1970,,2019,,,,,,,,3,,,,,qualifying,other,,,2,"george_russell,car_26",,rokit_williams_racing,,,,,,,TRUE,other,,a_drop_of_3_grid_positions_in_accordance_with_article_31.4_of_the_formula_one_sp,1,Breach of Article 31.5 of the FIA Formula One Sporting Regulations.
2019__fc7b302103,spielberg,austria,1970,,2019,,,,,,,,,,,,,,other,,,1,charles_leclerc,,,,,,,,,TRUE,other,,,,
2019_qualifying_c0facff3bc,spielberg,austria,1970,,2019,,,,,,,,,,,,,qualifying,other,,,1,george_russell,,rokit_williams_racing,,,,,,,TRUE,other,,required_to_start_the_race_from_the_pit_lane_and_follow_the_procedure_in_article,,Breach of Article 34.2 n) of the FIA Formula One Sporting Regulations.
2019__e6c1800aec,spielberg,austria,1970,,2019,,,,,,,,,,,,,,other,,,1,lewis_hamilton,,,,,,,,,TRUE,other,,,,
2019__7091a30875,spielberg,austria,1970,,2019,,,,,,,,,,,,,,other,,,1,max_verstappen,,,,,,,,,TRUE,other,,,,
2019_race_78df97052c,spielberg,austria,1970,,2019,,,,,,,,2,,,,,race,collision,,,2,"max_verstappen,car_16",,aston_martin_red_bull_racing,,,,,,,TRUE,collision,car_33,no_further_action,,"Alleged incident as defined by Article 38.1 of the FIA Formula One Sporting Regulations and alleged Breach of Appendix L, Chapter IV Article 2 of the FIA International Sporting Code."
2019_race_e11e74e0ae,spielberg,austria,1970,,2019,,,,,,,,,,,,,race,other,,,1,kevin_magnussen,,rich_energy_haas_f1_team,,,,,,,TRUE,other,,drive_through,2,Breach of Article 36.13 of the FIA Formula One Sporting Regulations.
2019__b9c9f06b44,spielberg,austria,1970,,2019,,,,,,,,,,,,,,other,,,1,antonio_giovinazzi,,,,,,,,,TRUE,other,,,,
2019_practice_2f15277cda,spielberg,austria,1970,,2019,,,,,,,,,,,,,practice,other,,,1,antonio_giovinazzi,,alfa_romeo_racing,,,,,,,TRUE,other,,"the_competitor_(alfa_romeo_racing)_is_fined_€5,000.",,Breach of Article 6.5.2 of the FIA Formula One Technical Regulations.
2019_qualifying_0463cdf275,baku,azerbaijan,2016,,2019,,,,,,,,,,,,,qualifying,other,,,1,pierre_gasly,,aston_martin_red_bull_racing,,,,,,,TRUE,other,,required_to_start_the_race_from_the_pit_lane.,,Breach of Article 34.2 of the FIA Formula One Sporting Regulations.
2019_qualifying_c649af534e,baku,azerbaijan,2016,,2019,,,,,,,,,,,,,qualifying,other,,,1,kimi_raikkonen,,alfa_romeo_racing,,,,,,,TRUE,other,,required_to_start_the_race_from_the_pit_lane.,,Breach of Article 34.2 of the FIA Formula One Sporting Regulations.
2019_qualifying_2f935fa06d,baku,azerbaijan,2016,,2019,,,,,,,,,,,,,qualifying,other,,,1,robert_kubica,,rokit_williams_racing,,,,,,,TRUE,other,,required_to_start_the_race_from_the_pit_lane.,,Breach of Article 34.2 of the FIA Formula One Sporting Regulations.
2019_practice_58eaca7baa,baku,azerbaijan,2016,,2019,,,,,,,,,,,,,practice,other,,,1,pierre_gasly,,aston_martin_red_bull_racing,,,,,,,TRUE,other,,required_to_start_the_race_from_the_pit_lane.,,Breach of Article 29.1 a) of the FIA Formula One Sporting Regulations.
2019_race_354375116a,baku,azerbaijan,2016,,2019,,,,,,,,,,,,,race,other,,,1,robert_kubica,,rokit_williams_racing,,,,,,,TRUE,other,,drive_through,,Breach of Article 28.8 of the FIA Formula One Sporting Regulations.
2019__05486908c4,baku,azerbaijan,2016,,2019,,,,,,,,,,,,,,other,,,1,pierre_gasly,,,,,,,,,TRUE,other,,,,
2019_qualifying_9da7e3994b,baku,azerbaijan,2016,,2019,,,,,,,,,,,,,qualifying,other,,,1,kimi_raikkonen,,alfa_romeo_racing,,,,,,,TRUE,other,,disqualification,,Breach of Article 3.9.8 of the FIA Formula One Technical Regulations.
2019_race_f3d4beb9da,baku,azerbaijan,2016,,2019,,,,,,,,1,,,,,race,other,,,2,"daniel_ricciardo,car_26",,renault_f1_team,,,,,,,TRUE,other,,"3_grid_position_penalty_at_the_drivers’_next_event._(2_penalty_points_awarded,_2",2,Involved in an incident as defined by Article 38.1 of the FIA Formula One Sporting Regulations.
2019__9de303019b,baku,azerbaijan,2016,,2019,,,,,,,,,,,,,,other,,,1,daniel_ricciardo,,,,,,,,,TRUE,other,,,,
2019_qualifying_a5dc574293,baku,azerbaijan,2016,,2019,,,,,,,,,,,,,qualifying,other,,,1,pierre_gasly,,aston_martin_red_bull_racing,,,,,,,TRUE,other,,disqualification,,Breach of Article 5.1.4 of the FIA Formula One Technical Regulations.
2019_practice_8bd5d27bb0,baku,azerbaijan,2016,,2019,,,,,,,,,,,,,practice,other,,,1,antonio_giovinazzi,,alfa_romeo_racing,,,,,,,TRUE,other,,a_drop_of_10_grid_positions.,,Breach of Article 23.3 (a) of the FIA Formula One Sporting Regulations.
2019_practice_671a21b2ec,baku,azerbaijan,2016,,2019,,,,,,,,,,,,,practice,other,,,1,pierre_gasly,,aston_martin_red_bull_racing,,,,,,,TRUE,other,,drop_of_5_grid_positions.,,Breach of Article 23.5 a) of the FIA Formula One Sporting Regulations.
2019_race_712b44544f,bahrain,bahrain,2004,,2019,,,,,,,,2,,,,,race,collision,,,1,antonio_giovinazzi,,alfa_romeo_racing,,,,,,,TRUE,collision,,no_further_action,,Alleged incident as defined by Article 38.1 of the FIA Formula One Sporting Regulations.
2019_qualifying_818e03a4ba,bahrain,bahrain,2004,,2019,,,,,,,,3,,,,,qualifying,blocking,,,2,"romain_grosjean,car_4",,rich_energy_haas_f1_team,,,,,,,TRUE,blocking,,a_drop_of_3_grid_positions_in_accordance_with_article_31.4_of_the_formula_one_sp,1,Breach of Article 31.5 of the FIA Formula One Sporting Regulations.
2019__e028abe700,bahrain,bahrain,2004,,2019,,,,,,,,,,,,,,other,,,1,sebastian_vettel,,,,,,,,,TRUE,other,,,,
2019_race_adc1fd5950,bahrain,bahrain,2004,,2019,,,,,,,,,,,,,race,pit_lane,,,1,daniil_kvyat,,red_bull_toro_rosso_honda,,,,,,,TRUE,pit_lane,,5s_time_penalty,,Breach of Article 22.10 of the FIA Formula One Sporting Regulations.
2019_race_0562fdea29,bahrain,bahrain,2004,,2019,,,,,,,,1,,,,,race,collision,,,1,carlos_sainz,,mclaren_f1_team,,,,,,,TRUE,collision,,no_further_action,,Alleged incident as defined by Article 38.1 of the FIA Formula One Sporting Regulations.
2019_practice_21d39df03f,bahrain,bahrain,2004,,2019,,,,,,,,2,,,,,practice,collision,,,2,"nico_hulkenberg,car_99",,renault_f1_team,,,,,,,TRUE,collision,,no_further_action,,Alleged breach of the FIA International Sporting Code Appendix L Chapter IV Article 2(d).
2019_race_dafc4cf6a8,bahrain,bahrain,2004,,2019,,,,,,,,2,,,,,race,collision,,,1,daniil_kvyat,,red_bull_toro_rosso_honda,,,,,,,TRUE,collision,,no_further_action,,Alleged incident as defined by Article 38.1 of the FIA Formula One Sporting Regulations.
2019_race_59b4903d54,bahrain,bahrain,2004,,2019,,,,,,,,1,,,,,race,collision,,,1,max_verstappen,,aston_martin_red_bull_racing,,,,,,,TRUE,collision,,no_further_action,,Alleged incident as defined by Article 38.1 of the FIA Formula One Sporting Regulations.
2019_race_a03c8b2ef6,bahrain,bahrain,2004,,2019,,,,,,,,,,,,,race,other,,,1,daniel_ricciardo,,renault_f1_team,,,,,,,TRUE,other,,no_further_action,,Alleged breach of Article 22.5 of the FIA Formula One Sporting Regulations.
2019_qualifying_7864d4f9d8,bahrain,bahrain,2004,,2019,,,,,,,,,,,,,qualifying,other,,,1,sebastian_vettel,,scuderia_ferrari_mission_winnow,,,,,,,TRUE,other,,no_further_action,,"Alleged breach of Article 27.4 of the FIA Formula One Sporting Regulations and failing to observe the Race Director’s instruction, document 2 (item 16.1)."
2019_practice_72ecc3f346,spa,belgium,1950,,2019,,,,,,,,,,,,,practice,other,,,1,daniil_kvyat,,red_bull_toro_rosso_honda,,,,,,,TRUE,other,,drop_of_5_grid_positions.,,Breach of Article 23.5 a) of the FIA Formula One Sporting Regulations.
2019_race_dcbd8e938c,spa,belgium,1950,,2019,,,,,,,,,,,,,race,other,,,1,sergio_perez,,sportpesa_racing_point_f1_team,,,,,,,TRUE,other,,no_further_action,,"Alleged breach of Appendix L, Chapter IV Article 2 of the FIA International Sporting Code."
2019_qualifying_622b181574,spa,belgium,1950,,2019,,,,,,,,,,,,,qualifying,other,,,1,antonio_giovinazzi,,alfa_romeo_racing,,,,,,,TRUE,other,,drop_of_5_grid_positions.,,Breach of Article 23.5 a) of the FIA Formula One Sporting Regulations.
2019_practice_d9697c22c3,spa,belgium,1950,,2019,,,,,,,,,,,,,practice,pit_lane,,,1,charles_leclerc,,scuderia_ferrari,,,,,,,TRUE,pit_lane,,the_competitor_(scuderia_ferrari)_is_fined_€600.,,Breach of Article 22.10 of the FIA Formula One Sporting Regulations.
2019_qualifying_b663bdfc11,spa,belgium,1950,,2019,,,,,,,,,,,,,qualifying,other,,,1,robert_kubica,,rokit_williams_racing,,,,,,,TRUE,other,,drop_of_5_grid_positions.,,Breach of Article 23.5 a) of the FIA Formula One Sporting Regulations.
2019_race_a177214878,interlagos,brazil,1973,,2019,,,,,,,,2,,,,,race,collision,,,2,"charles_leclerc,car_5",,scuderia_ferrari_mission_winnow,,,,,,,TRUE,collision,,no_further_action,,"Alleged breach of Appendix L, Chapter IV Article 2 of the FIA International Sporting Code."
2019_race_634eb4b94a,interlagos,brazil,1973,,2019,,,,,,,,,,,,,race,unsafe_release,,,1,robert_kubica,,rokit_williams_racing,,,,,,,TRUE,unsafe_release,,5s_time_penalty,2,Breach of Article 28.13 a) of the FIA Formula One Sporting Regulations.
2019_practice_bc5c7b8cb1,interlagos,brazil,1973,,2019,,,,,,,,2,,,,,practice,blocking,,,2,"sergio_perez,car_8",,sportpesa_racing_point_f1_team,,,,,,,TRUE,blocking,,no_further_action,,Alleged breach of Article 31.5 of the FIA Formula One Sporting Regulations.
2019_race_3e01f32533,interlagos,brazil,1973,,2019,,,,,,,,,,,,,race,other,,,2,"nico_hulkenberg,car_20",,renault_f1_team,,,,,,,TRUE,other,,5s_time_penalty,1,Breach of Article 39.8 of the FIA Formula One Sporting Regulations.
2019_race_f013007059,interlagos,brazil,1973,,2019,,,,,,,,2,,,,,race,collision,,,2,"sebastian_vettel,car_16",,scuderia_ferrari_mission_winnow,,,,,,,TRUE,collision,,no_further_action,,"Alleged breach of Appendix L, Chapter IV Article 2 of the FIA International Sporting Code."
2019_race_77d5f034c4,interlagos,brazil,1973,,2019,,,,,,,,2,,,,,race,collision,,,2,"lewis_hamilton,car_23",,mercedes_amg_petronas_motorsport,,,,,,,TRUE,collision,,5s_time_penalty,2,"Breach of Appendix L, Chapter IV Article 2 of the FIA International Sporting Code."
2019_practice_9242a08994,interlagos,brazil,1973,,2019,,,,,,,,,,,,,practice,other,,,1,charles_leclerc,,scuderia_ferrari_mission_winnow,,,,,,,TRUE,other,,drop_of_10_grid_positions.,,Breach of Article 23.3 a) of the FIA Formula One Sporting Regulations.
2019_race_d38106a3e8,interlagos,brazil,1973,,2019,,,,,,,,2,,,,,race,collision,,,2,"daniel_ricciardo,car_20",,renault_f1_team,,,,,,,TRUE,collision,,5s_time_penalty,2,"Breach of Appendix L, Chapter IV Article 2 of the FIA International Sporting Code."
2019_race_ff8d3cddca,silverstone,uk,1950,,2019,,,,,,,,3,,,,,race,collision,,,2,"sebastian_vettel,car_33",,scuderia_ferrari,,,,,,,TRUE,collision,car_5,10s_time_penalty,2,Breach of the FIA International Sporting Code Appendix L Chapter IV Article 2(d).
2019_race_0b83e333a3,silverstone,uk,1950,,2019,,,,,,,,,,,,,race,unsafe_release,,,1,lando_norris,,mclaren_f1_team,,,,,,,TRUE,unsafe_release,,no_further_action,,Alleged breach of Article 28.13 a) of the FIA Formula One Sporting Regulations.
2019_qualifying_45b440e70b,montreal,canada,1978,,2019,,,,,,,,1,,,,,qualifying,other,,,2,"carlos_sainz,car_23",,mclaren_f1_team,,,,,,,TRUE,other,,a_drop_of_3_grid_positions_in_accordance_with_article_31.4_of_the_formula_one_sp,1,Breach of Article 31.5 of the FIA Formula One Sporting Regulations.
2019_qualifying_b4eca92ad2,montreal,canada,1978,,2019,,,,,,,,2,,,,,qualifying,other,,,1,charles_leclerc,,scuderia_ferrari,,,,,,,TRUE,other,,deletion_of_the_relevant_lap_time_(in_accordance_with_article_31.4_of_the_fia_f1,,Breach of Article 12.1.1.i of the FIA International Sporting Code.
2019__0f741b7bbe,montreal,canada,1978,,2019,,,,,,,,,,,,,,other,,,1,carlos_sainz,,,,,,,,,TRUE,other,,,,
2019_practice_d5da7ae55e,montreal,canada,1978,,2019,,,,,,,,3,,,,,practice,other,,,1,lando_norris,,mclaren_f1_team,,,,,,,TRUE,other,,no_further_action,,Breach of Article 12.1.1.i of the FIA International Sporting Code.
2019_qualifying_1e3fe1eb62,montreal,canada,1978,,2019,,,,,,,,,,,,,qualifying,other,,,1,kevin_magnussen,,rich_energy_haas_f1_team,,,,,,,TRUE,other,,drop_of_10_grid_positions.,,Breach of Article 23.3 (a) of the FIA Formula One Sporting Regulations.
2019_practice_f40132af42,montreal,canada,1978,,2019,,,,,,,,3,,,,,practice,other,,,1,kevin_magnussen,,rich_energy_haas_f1_team,,,,,,,TRUE,other,,no_further_action,,Breach of Article 12.1.1.i of the FIA International Sporting Code.
2019__2a8bfeaf69,montreal,canada,1978,,2019,,,,,,,,,,,,,,other,,,1,lance_stroll,,,,,,,,,TRUE,other,,,,
2019_practice_5321890a98,montreal,canada,1978,,2019,,,,,,,,3,,,,,practice,collision,,,1,lance_stroll,,sportpesa_racing_point_f1_team,,,,,,,TRUE,collision,car_8,no_further_action,,Alleged breach of Article 31.4 of the FIA Formula One Sporting Regulations.
2019_practice_ebf3229943,montreal,canada,1978,,2019,,,,,,,,3,,,,,practice,collision,,,1,romain_grosjean,,rich_energy_haas_f1_team,,,,,,,TRUE,collision,car_8,no_further_action,,Alleged breach of Article 31.4 of the FIA Formula One Sporting Regulations.
2019_race_48b4f80f91,montreal,canada,1978,,2019,,,,,,,,,,,,,race,track_limits,,,1,sebastian_vettel,,scuderia_ferrari,,,,,,,TRUE,track_limits,,5s_time_penalty,,Involved in an incident as defined by Article 38.1 of the FIA Formula One Sporting Regulations.
2019_qualifying_3045785150,shanghai,china,2004,,2019,,,,,,,,,,,,,qualifying,other,,,1,alexander_albon,,red_bull_toro_rosso_honda,,,,,,,TRUE,other,,drop_of_5_grid_positions.,,Breach of Article 23.5 a) of the FIA Formula One Sporting Regulations.
2019_race_66966b26ad,shanghai,china,2004,,2019,,,,,,,,2,,,,,race,collision,,,1,daniil_kvyat,,red_bull_toro_rosso_honda,,,,,,,TRUE,collision,,drive_through,2,Involved in an incident as defined by Article 38.1 of the FIA Formula One Sporting Regulations.
2019_practice_bcdf4b4113,shanghai,china,2004,,2019,,,,,,,,,,,,,practice,pit_lane,,,1,pierre_gasly,,aston_martin_red_bull_racing,,,,,,,TRUE,pit_lane,,the_competitor_(aston_martin_red_bull_racing)_is_fined_€800.,,Breach of Article 22.10 of the FIA Formula One Sporting Regulations.
2019_qualifying_ba9ba43d71,paul_ricard,france,1971,,2019,,,,,,,,3,,,,,qualifying,other,,,2,"daniel_ricciardo,car_7",,renault_f1_team,,,,,,,TRUE,other,,no_further_action,,Alleged Breach of Article 31.5 of the FIA Formula One Sporting Regulations.
2019_race_8b61a4032c,paul_ricard,france,1971,,2019,,,,,,,,1,,,,,race,track_limits,,,1,sergio_perez,,sportpesa_racing_point_f1_team,,,,,,,TRUE,track_limits,,5s_time_penalty,1,Breach of Article 27.3 of the FIA Formula One Sporting Regulations.
2019_race_278bfb37ae,paul_ricard,france,1971,,2019,,,,,,,,,,,,,race,track_limits,,,1,daniel_ricciardo,,renault_f1_team,,,,,,,TRUE,track_limits,,5s_time_penalty,1,"Breach of Appendix L, Chapter IV Article 2 of the FIA International Sporting Code."
2019_qualifying_c2d456e282,paul_ricard,france,1971,,2019,,,,,,,,,,,,,qualifying,other,,,2,"kimi_raikkonen,car_8",,alfa_romeo_racing,,,,,,,TRUE,other,,no_further_action,,Alleged breach of Article 31.5 of the FIA Formula One Sporting Regulations.
2019_practice_8cf88eb920,paul_ricard,france,1971,,2019,,,,,,,,1,,,,,practice,collision,,,2,"lewis_hamilton,car_33",,mercedes_amg_petronas_motorsport,,,,,,,TRUE,collision,,no_further_action,,"Alleged breach of Appendix L, Ch IV Article 2 of the FIA International Sporting Code."
2019_race_ce994871b4,paul_ricard,france,1971,,2019,,,,,,,,,,,,,race,other,,,1,daniel_ricciardo,,renault_f1_team,,,,,,,TRUE,other,,5s_time_penalty,2,"Breach of Appendix L, Chapter IV Article 2 of the FIA International Sporting Code."
2019_practice_6657e966fa,paul_ricard,france,1971,,2019,,,,,,,,,,,,,practice,pit_lane,,,1,daniel_ricciardo,,renault_f1_team,,,,,,,TRUE,pit_lane,,the_competitor_(renault_f1_team)_is_fined_€400.,,Breach of Article 22.10 of the FIA Formula One Sporting Regulations
2019_qualifying_87ff550604,paul_ricard,france,1971,,2019,,,,,,,,,,,,,qualifying,other,,,1,max_verstappen,,aston_martin_red_bull_racing,,,,,,,TRUE,other,,deletion_of_lap_time_(1:30.573)_as_per_article_12.3.1.d_of_the_fia_international,,"Breach of Appendix L, Ch IV, Art 2c and Article 31.4 of the FIA Formula One Sporting Regulations."
2019_practice_e249d57c77,paul_ricard,france,1971,,2019,,,,,,,,,,,,,practice,pit_lane,,,1,nico_hulkenberg,,renault_f1_team,,,,,,,TRUE,pit_lane,,the_competitor_(renault_f1_team)_is_fined_€900.,,Breach of Article 22.10 of the FIA Formula One Sporting Regulations.
2019_practice_3059e862d6,hockenheim,germany,1970,,2019,,,,,,,,3,,,,,practice,other,,,1,carlos_sainz,,mclaren_f1_team,,,,,,,TRUE,other,,deletion_of_lap_time_(1:13.833)_as_per_article_31.4_of_the_fia_formula_one_sport,,"Breach of Appendix L, Ch IV, Art 2c and Article 31.4 of the FIA Formula One Sporting Regulations."
2019_qualifying_27d5ca004a,hockenheim,germany,1970,,2019,,,,,,,,,,,,,qualifying,other,,,1,sebastian_vettel,,scuderia_ferrari,,,,,,,TRUE,other,,drop_of_10_grid_positions.,,Breach of Article 23.3 (a) of the FIA Formula One Sporting Regulations.
2019_practice_bec7ae60ea,hockenheim,germany,1970,,2019,,,,,,,,3,,,,,practice,other,,,1,sebastian_vettel,,scuderia_ferrari,,,,,,,TRUE,other,,deletion_of_lap_time_(1:12.703)_as_per_article_31.4_of_the_fia_formula_one_sport,,"Breach of Appendix L, Ch IV, Art 2c and Article 31.4 of the FIA Formula One Sporting Regulations."
2019_race_d2e96f80d4,hockenheim,germany,1970,,2019,,,,,,,,2,,,,,race,collision,,,2,"pierre_gasly,car_23",,aston_martin_red_bull_racing,,,,,,,TRUE,collision,,no_further_action,,Alleged breach of the FIA International Sporting Code Appendix L Chapter IV Article 2(d).
2019_qualifying_f3f007b06d,hockenheim,germany,1970,,2019,,,,,,,,,,,,,qualifying,pit_lane,,,1,valtteri_bottas,,mercedes_amg_petronas_motorsport,,,,,,,TRUE,pit_lane,,the_competitor_(mercedes_amg_petronas_motorsport)_is_fined_€600.,,Breach of Article 22.10 of the FIA Formula One Sporting Regulations.
2019_qualifying_4b97709788,hockenheim,germany,1970,,2019,,,,,,,,,,,,,qualifying,unsafe_release,,,1,daniil_kvyat,,red_bull_toro_rosso_honda,,,,,,,TRUE,unsafe_release,,no_further_action,,Breach of Article 28.13 (a) of the 2019 FIA Formula One Sporting Regulations.
2019_practice_00d78a0fee,hockenheim,germany,1970,,2019,,,,,,,,1,,,,,practice,other,,,1,sebastian_vettel,,scuderia_ferrari,,,,,,,TRUE,other,,deletion_of_lap_time_(1:13.369)_as_per_article_31.4_of_the_fia_formula_one_sport,,"Breach of Appendix L, Ch IV, Art 2c and Article 31.4 of the FIA Formula One Sporting Regulations."
2019_race_74b1b4ac47,hockenheim,germany,1970,,2019,,,,,,,,,,,,,race,unsafe_release,,,1,charles_leclerc,,scuderia_ferrari,,,,,,,TRUE,unsafe_release,,"the_competitor_(scuderia_ferrari)_is_fined_€_5,000.",,Breach of Article 28.13 a) of the FIA Formula One Sporting Regulations.
2019_practice_358788b8e5,hockenheim,germany,1970,,2019,,,,,,,,1,,,,,practice,other,,,1,daniil_kvyat,,red_bull_toro_rosso_honda,,,,,,,TRUE,other,,deletion_of_lap_time_(1:14.279)_as_per_article_31.4_of_the_fia_formula_one_sport,,"Breach of Appendix L, Ch IV, Art 2c and Article 31.4 of the FIA Formula One Sporting Regulations."
2019_practice_cfb1666568,hockenheim,germany,1970,,2019,,,,,,,,3,,,,,practice,other,,,1,lewis_hamilton,,mercedes_amg_petronas_motorsport,,,,,,,TRUE,other,,deletion_of_lap_time_(1:12.793)_as_per_article_31.4_of_the_fia_formula_one_sport,,"Breach of Appendix L, Ch IV, Art 2c and Article 31.4 of the FIA Formula One Sporting Regulations."
2019_practice_4ecbba843c,hockenheim,germany,1970,,2019,,,,,,,,3,,,,,practice,other,,,1,kimi_raikkonen,,alfa_romeo_racing,,,,,,,TRUE,other,,deletion_of_lap_time_(1:13.680)_as_per_article_31.4_of_the_fia_formula_one_sport,,"Breach of Appendix L, Ch IV, Art 2c and Article 31.4 of the FIA Formula One Sporting Regulations."
2019_qualifying_f995eb28e1,hockenheim,germany,1970,,2019,,,,,,,,3,,,,,qualifying,other,,,1,pierre_gasly,,aston_martin_red_bull_racing,,,,,,,TRUE,other,,deletion_of_lap_time_(1:12.180)_as_per_article_12.3.1.d_of_the_fia_international,,"Breach of Appendix L, Ch IV, Art 2c and Article 31.4 of the FIA Formula One Sporting Regulations."
2019_practice_a9fb3b6aba,hockenheim,germany,1970,,2019,,,,,,,,3,,,,,practice,other,,,1,alexander_albon,,red_bull_toro_rosso_honda,,,,,,,TRUE,other,,deletion_of_lap_time_(1:14.194)_as_per_article_31.4_of_the_fia_formula_one_sport,,"Breach of Appendix L, Ch IV, Art 2c and Article 31.4 of the FIA Formula One Sporting Regulations."
2019_qualifying_0aa78a0860,hockenheim,germany,1970,,2019,,,,,,,,3,,,,,qualifying,other,,,1,robert_kubica,,rokit_williams_racing,,,,,,,TRUE,other,,deletion_of_lap_time_(1:15.478)_as_per_article_12.3.1.d_of_the_fia_international,,"Breach of Appendix L, Ch IV, Art 2c and Article 31.4 of the FIA Formula One Sporting Regulations."
2019_qualifying_727709fe3c,hockenheim,germany,1970,,2019,,,,,,,,1,,,,,qualifying,other,,,1,charles_leclerc,,scuderia_ferrari,,,,,,,TRUE,other,,deletion_of_lap_time_(1:25.553)_as_per_article_12.3.1.d_of_the_fia_international,,"Breach of Appendix L, Ch IV, Art 2c and Article 31.4 of the FIA Formula One Sporting Regulations."
2019__9c05586100,suzuka,japan,1987,,2019,,,,,,,,,,,,,,other,,,0,,,,,,,,,,TRUE,other,,admissibility_of_sportpesa_racing_point_f1_team_protest_against_renault_f1_team_,,
2019_race_f81ec68df0,hockenheim,germany,1970,,2019,,,,,,,,,,,,,race,other,,,1,lewis_hamilton,,mercedes_amg_petronas_motorsport,,,,,,,TRUE,other,,no_further_action,,Alleged Breach of Article 39.5 of the FIA Formula One Sporting Regulations.
2019_race_75627af678,hockenheim,germany,1970,,2019,,,,,,,,,,,,,race,pit_lane,,,1,lewis_hamilton,,mercedes_amg_petronas_motorsport,,,,,,,TRUE,pit_lane,,5s_time_penalty,1,Breach of Appendix L Ch. IV Article 4d of the FIA International Sporting Code.
2019_race_0c719924d2,hockenheim,germany,1970,,2019,,,,,,,,,,,,,race,other,,,1,antonio_giovinazzi,,alfa_romeo_racing,,,,,,,TRUE,other,,10s_time_penalty,,Breach of Article 27.1 of the FIA Formula One Sporting Regulations.
2019_race_ae5b0369e6,hockenheim,germany,1970,,2019,,,,,,,,,,,,,race,other,,,1,kimi_raikkonen,,alfa_romeo_racing,,,,,,,TRUE,other,,10s_time_penalty,,Breach of Article 27.1 of the FIA Formula One Sporting Regulations.
2019_practice_9ad23e0ddc,hungaroring,hungary,1986,,2019,,,,,,,,,,,,,practice,other,,,1,lando_norris,,mclaren_f1_team,,,,,,,TRUE,other,,no_further_action,,Breach of Article 12.1.1.i of the FIA International Sporting Code.
2019_qualifying_4d8d736f2e,hungaroring,hungary,1986,,2019,,,,,,,,,,,,,qualifying,other,,,2,"antonio_giovinazzi,car_18",,alfa_romeo_racing,,,,,,,TRUE,other,,a_drop_of_3_grid_positions_in_accordance_with_article_31.4_of_the_formula_one_sp,1,Breach of Article 31.5 of the FIA Formula One Sporting Regulations.
2019_reconnaissance laps_096c6f606c,hungaroring,hungary,1986,,2019,,,,,,,,,,,,,reconnaissance laps,pit_lane,,,1,lewis_hamilton,,mercedes_amg_petronas_motorsport,,,,,,,TRUE,pit_lane,,"the_competitor_(mercedes_amg_petronas_motorsport)_is_fined_€1,000.",,Breach of Article 22.10 of the FIA Formula One Sporting Regulations.
2019_practice_63516f8670,hungaroring,hungary,1986,,2019,,,,,,,,,,,,,practice,pit_lane,,,1,kimi_raikkonen,,alfa_romeo_racing,,,,,,,TRUE,pit_lane,,the_competitor_(alfa_romeo_racing)_is_fined_€600.,,Breach of Article 22.10 of the FIA Formula One Sporting Regulations.
2019_practice_c3c2c601aa,monza,italy,1950,,2019,,,,,,,,3,,,,,practice,track_limits,,,1,daniil_kvyat,,red_bull_toro_rosso_honda,,,,,,,TRUE,track_limits,,"deletion_of_lap_time_(1:21.358),_as_per_article_31.4_of_the_fia_formula_one_spor",,"Breach of Appendix L, Ch IV, Art 2 c) of the FIA International Sporting Code and Article 27.3 of the FIA Formula One Sporting Regulations."
2019_qualifying_df811d6e30,monza,italy,1950,,2019,,,,,,,,,,,,,qualifying,other,,,1,nico_hulkenberg,,renault_f1_team,,,,,,,TRUE,other,,no_further_action,,Alleged breach of Article 27.3 of the FIA Formula One Sporting Regulations.
2019_race_08f4deff9a,monza,italy,1950,,2019,,,,,,,,,,,,,race,other,,,1,carlos_sainz,,mclaren_f1_team,,,,,,,TRUE,other,,"the_competitor_(mclaren_f1_team)_is_fined_€5,000.",,Breach of Article 28.13 c) of the FIA Formula One Sporting Regulations.
2019_practice_6cd06bf72e,monza,italy,1950,,2019,,,,,,,,3,,,,,practice,track_limits,,,1,charles_leclerc,,scuderia_ferrari,,,,,,,TRUE,track_limits,,"deletion_of_2_lap_times_(1:20.465,_2:11.989),_as_per_article_31.4_of_the_fia_for",,"Breach of Appendix L, Ch IV, Art 2 c) of the FIA International Sporting Code and Article 27.3 of the FIA Formula One Sporting Regulations."
2019_race_0e644701f8,monza,italy,1950,,2019,,,,,,,,,,,,,race,collision,,,2,"lance_stroll,car_5",,sportpesa_racing_point_f1_team,,,,,,,TRUE,collision,,drive_through,,Breach of Article 27.3 of the FIA Formula One Sporting Regulations.
2019_qualifying_57001f0264,monza,italy,1950,,2019,,,,,,,,3,,,,,qualifying,other,,,1,sebastian_vettel,,scuderia_ferrari,,,,,,,TRUE,other,,no_further_action,,"Alleged breach of item 11.4 a) of the Race Director’s Event Notes Version 3, Article 12.1.1.i of the FIA International Sporting Code."
2019_qualifying_d8295cc78b,monza,italy,1950,,2019,,,,,,,,,,,,,qualifying,other,,,1,carlos_sainz,,mclaren_f1_team,,,,,,,TRUE,other,,reprimand,,Breach of Article 27.4 of the FIA Formula One Sporting Regulations.
2019_qualifying_fed5d5da0d,monza,italy,1950,,2019,,,,,,,,3,,,,,qualifying,track_limits,,,1,alexander_albon,,aston_martin_red_bull_racing,,,,,,,TRUE,track_limits,,"deletion_of_lap_time_(1:20.456),_as_per_article_31.4_of_the_fia_formula_one_spor",,"Breach of Appendix L, Ch IV, Art 2 c) of the FIA International Sporting Code and Article 27.3 of the FIA Formula One Sporting Regulations."
2019_practice_09cb43a565,monza,italy,1950,,2019,,,,,,,,3,,,,,practice,track_limits,,,1,lance_stroll,,sportpesa_racing_point_f1_team,,,,,,,TRUE,track_limits,,"deletion_of_2_lap_times_(1:21.554,_1:54.678),_as_per_article_31.4_of_the_fia_for",,"Breach of Appendix L, Ch IV, Art 2 c) of the FIA International Sporting Code and Article 27.3 of the FIA Formula One Sporting Regulations."
2019_race_b0ef12f8ec,monza,italy,1950,,2019,,,,,,,,,,,,,race,track_limits,,,2,"sebastian_vettel,car_18",,scuderia_ferrari,,,,,,,TRUE,track_limits,,10s_time_penalty,,Breach of Article 27.3 of the FIA Formula One Sporting Regulations and Article 2 d) of Appendix L Chapter IV of the FIA International Sporting Code.
2019_practice_b09786c1a4,monza,italy,1950,,2019,,,,,,,,3,,,,,practice,track_limits,,,1,alexander_albon,,aston_martin_red_bull_racing,,,,,,,TRUE,track_limits,,"deletion_of_2_lap_times_(1:48.062,_1:20.979),_as_per_article_31.4_of_the_fia_for",,"Breach of Appendix L, Ch IV, Art 2 c) of the FIA International Sporting Code and Article 27.3 of the FIA Formula One Sporting Regulations."
2019_qualifying_27a542c197,monza,italy,1950,,2019,,,,,,,,,,,,,qualifying,other,,,1,kimi_raikkonen,,alfa_romeo_racing,,,,,,,TRUE,other,,drop_of_5_grid_positions.,,Breach of Article 23.5 a) of the FIA Formula One Sporting Regulations.
2019_race_da3e3009c0,monza,italy,1950,,2019,,,,,,,,,,,,,race,other,,,1,kimi_raikkonen,,alfa_romeo_racing,,,,,,,TRUE,other,,10s_time_penalty,,Breach of Article 24.4 j) of the FIA Formula One Sporting Regulations.
2019_qualifying_601c622889,monza,italy,1950,,2019,,,,,,,,,,,,,qualifying,other,,,1,lance_stroll,,sportpesa_racing_point_f1_team,,,,,,,TRUE,other,,reprimand,,Breach of Article 27.4 of the FIA Formula One Sporting Regulations.
2019_practice_373385bd07,monza,italy,1950,,2019,,,,,,,,3,,,,,practice,track_limits,,,1,kevin_magnussen,,rich_energy_haas_f1_team,,,,,,,TRUE,track_limits,,"deletion_of_2_lap_times_(2:02.026,_1:22.676),_as_per_article_31.4_of_the_fia_for",,"Breach of Appendix L, Ch IV, Art 2 c) of the FIA International Sporting Code and Article 27.3 of the FIA Formula One Sporting Regulations."
2019_race_ac7d5c7bd4,monza,italy,1950,,2019,,,,,,,,2,,,,,race,track_limits,,,1,alexander_albon,,aston_martin_red_bull_racing,,,,,,,TRUE,track_limits,,5s_time_penalty,,Breach of Article 27.3 of the FIA Formula One Sporting Regulations.
2019_practice_e69a66d98a,monza,italy,1950,,2019,,,,,,,,3,,,,,practice,track_limits,,,1,romain_grosjean,,rich_energy_haas_f1_team,,,,,,,TRUE,track_limits,,"deletion_of_2_lap_times_(1:22.479,_1:53.980),_as_per_article_31.4_of_the_fia_for",,"Breach of Appendix L, Ch IV, Art 2 c) of the FIA International Sporting Code and Article 27.3 of the FIA Formula One Sporting Regulations."
2019_qualifying_e23b37c5db,monza,italy,1950,,2019,,,,,,,,,,,,,qualifying,other,,,1,nico_hulkenberg,,renault_f1_team,,,,,,,TRUE,other,,reprimand,,Breach of Article 27.4 of the FIA Formula One Sporting Regulations.
2019_race_11e2f439ea,suzuka,japan,1987,,2019,,,,,,,,,,,,,race,other,,,1,charles_leclerc,,scuderia_ferrari_mission_winnow,,,,,,,TRUE,other,,10s_time_penalty,,Breach of Article 22.11. FIA Formula One Sporting Regulations.
2019_race_cc3f5813c1,suzuka,japan,1987,,2019,,,,,,,,1,,,,,race,collision,,,2,"charles_leclerc,car_33",,scuderia_ferrari_mission_winnow,,,,,,,TRUE,collision,,5s_time_penalty,2,"Breach of Appendix L, Chapter IV Article 2 of the FIA International Sporting Code, read with Article 38.1 of the FIA Formula One Sporting Regulations."
2019_practice_9456775dbe,suzuka,japan,1987,,2019,,,,,,,,,,,,,practice,pit_lane,,,1,sergio_perez,,sportpesa_racing_point_f1_team,,,,,,,TRUE,pit_lane,,the_competitor_(sportpesa_racing_point_f1_team)_is_fined_€300.,,Breach of Article 22.10 of the FIA Formula One Sporting Regulations.
2019_race_3555dcbcd9,suzuka,japan,1987,,2019,,,,,,,,1,,,,,race,collision,,,2,"pierre_gasly,car_11",,red_bull_toro_rosso_honda,,,,,,,TRUE,collision,,no_further_action,,"Alleged breach of Appendix L, Chapter IV Article 2 of the FIA International Sporting Code, read with Article 38.1 of the FIA Formula One Sporting Regulations."
2019_race_0d7ea76159,suzuka,japan,1987,,2019,,,,,,,,1,,,,,race,collision,,,2,"sergio_perez,car_10",,sportpesa_racing_point_f1_team,,,,,,,TRUE,collision,,no_further_action,,"Alleged breach of Appendix L, Chapter IV Article 2 of the FIA International Sporting Code, read with Article 38.1 of the FIA Formula One Sporting Regulations."
2019_race_a8b42ab55a,suzuka,japan,1987,,2019,,,,,,,,,,,,,race,other,,,1,sebastian_vettel,,scuderia_ferrari_mission_winnow,,,,,,,TRUE,other,,no_further_action,,Alleged breach of Article 36.13(a) of the FIA Formula One Sporting Regulations.
2019_race_dc91ac6997,suzuka,japan,1987,,2019,,,,,,,,1,,,,,race,collision,,,2,"max_verstappen,car_16",,aston_martin_red_bull_racing,,,,,,,TRUE,collision,,no_further_action,,"Alleged breach of Appendix L, Chapter IV Article 2 of the FIA International Sporting Code, read with Article 38.1 of the FIA Formula One Sporting Regulations."
2019_race_23f2976da8,suzuka,japan,1987,,2019,,,,,,,,,,,,,race,other,,,0,,,haas_f1_team,,,,,,,TRUE,other,,"fine_of_€7,500",,Breach of Articles 12.1.1.c) and f) of the FIA International Sporting Code.
2019_race_7bbac0a4ee,mexico_city,mexico,1963,,2019,,,,,,,,3,,,,,race,collision,,,2,"daniil_kvyat,car_27",,red_bull_toro_rosso_honda,,,,,,,TRUE,collision,,10s_time_penalty,2,"Breach of Appendix L, Chapter IV Article 2 of the FIA International Sporting Code, read with Article 38.1 of the FIA Formula One Sporting Regulations."
2019_race_71645fdcd6,mexico_city,mexico,1963,,2019,,,,,,,,,,,,,race,other,,,1,lando_norris,,mclaren_f1_team,,,,,,,TRUE,other,,no_further_action,,Alleged Breach of Article 28.13 c) of the FIA Formula One Sporting Regulations.
2019_practice_c45f400d3b,mexico_city,mexico,1963,,2019,,,,,,,,2,,,,,practice,other,,,1,romain_grosjean,,haas_f1_team,,,,,,,TRUE,other,,deletion_of_lap_time_(1:25.868)_as_per_article_12.3.1.d_of_the_fia_international,,"Breach of Appendix L, Ch IV, Article 2c of the FIA International Sporting Code."
2019_qualifying_c383ab8d64,mexico_city,mexico,1963,,2019,,,,,,,,3,,,,,qualifying,yellow_flag,,,1,max_verstappen,,aston_martin_red_bull_racing,,,,,,,TRUE,yellow_flag,,drop_of_3_grid_positions_2_penalty_points_imposed_(total_of_4_in_the_12_month_pe,2,Breach of Appendix H Article 2.4.5.1. b) of the FIA International Sporting Code.
2019_qualifying_225903bbaa,monaco,monaco,1950,,2019,,,,,,,,,,,,,qualifying,other,,,1,nico_hulkenberg,,renault_f1_team,,,,,,,TRUE,other,,no_further_action,,Breach of Article 29.1 a) of the FIA Formula One Sporting Regulations.
2019_qualifying_07b41a5ba2,monaco,monaco,1950,,2019,,,,,,,,1,,,,,qualifying,other,,,2,"pierre_gasly,car_8",,aston_martin_red_bull_racing,,,,,,,TRUE,other,,a_drop_of_3_grid_positions_in_accordance_with_article_31.4_of_the_formula_one_sp,1,Breach of Article 31.5 of the FIA Formula One Sporting Regulations.
2019_race_7e3b88834d,monaco,monaco,1950,,2019,,,,,,,,2,,,,,race,track_limits,,,1,kevin_magnussen,,rich_energy_haas_f1_team,,,,,,,TRUE,track_limits,,5s_time_penalty,1,Breach of Article 27.3 of the FIA Formula One Sporting Regulations.
2019_race_bb11f9bd44,monaco,monaco,1950,,2019,,,,,,,,3,,,,,race,other,,,1,antonio_giovinazzi,,alfa_romeo_racing,,,,,,,TRUE,other,,10s_time_penalty,2,Involved in an Incident as defined by Article 38.1 of the FIA Formula One Sporting Regulations.
2019_race_acddfe1ad9,monaco,monaco,1950,,2019,,,,,,,,2,,,,,race,other,,,1,max_verstappen,,aston_martin_red_bull_racing,,,,,,,TRUE,other,,no_further_action,,Involved in an alleged Incident as defined by Article 38.1 of the FIA Formula One Sporting Regulations.
2019_race_913493f3f2,monaco,monaco,1950,,2019,,,,,,,,,,,,,race,unsafe_release,,,1,max_verstappen,,aston_martin_red_bull_racing,,,,,,,TRUE,unsafe_release,,5s_time_penalty,2,Breach of Article 28.13 a) of the FIA Formula One Sporting Regulations.
2019_practice_2504e42c9c,monaco,monaco,1950,,2019,,,,,,,,,,,,,practice,pit_lane,,,1,sebastian_vettel,,scuderia_ferrari_mission_winnow,,,,,,,TRUE,pit_lane,,the_competitor_(scuderia_ferrari_mission_winnow)_is_fined_€300.,,Breach of Article 22.10 of the FIA Formula One Sporting Regulations.
2019_qualifying_5314de67d8,monaco,monaco,1950,,2019,,,,,,,,,,,,,qualifying,other,,,1,sergio_perez,,sportpesa_racing_point_f1_team,,,,,,,TRUE,other,,no_further_action,,Breach of Article 29.1 a) of the FIA Formula One Sporting Regulations.
2019_practice_97f8136142,monaco,monaco,1950,,2019,,,,,,,,,,,,,practice,pit_lane,,,1,charles_leclerc,,scuderia_ferrari_mission_winnow,,,,,,,TRUE,pit_lane,,the_competitor_(scuderia_ferrari_mission_winnow)_is_fined_€300.,,Breach of Article 22.10 of the FIA Formula One Sporting Regulations.
2019_race_a4974311e4,monaco,monaco,1950,,2019,,,,,,,,2,,,,,race,other,,,1,lewis_hamilton,,mercedes_amg_petronas_motorsport,,,,,,,TRUE,other,,no_further_action,,Involved in an alleged Incident as defined by Article 38.1 of the FIA Formula One Sporting Regulations.
2019_race_7933c34f21,monaco,monaco,1950,,2019,,,,,,,,2,,,,,race,track_limits,,,1,lance_stroll,,sportpesa_racing_point_f1_team,,,,,,,TRUE,track_limits,,5s_time_penalty,1,Breach of Article 27.3 of the FIA Formula One Sporting Regulations.
2019_practice_7f92010fa4,monaco,monaco,1950,,2019,,,,,,,,,,,,,practice,pit_lane,,,1,lewis_hamilton,,mercedes_amg_petronas_motorsport,,,,,,,TRUE,pit_lane,,the_competitor_(mercedes_amg_petronas_motorsport)_is_fined_€400.,,Breach of Article 22.10 of the FIA Formula One Sporting Regulations
2019_race_4cf087c694,monaco,monaco,1950,,2019,,,,,,,,,,,,,race,pit_lane,,,1,romain_grosjean,,rich_energy_haas_f1_team,,,,,,,TRUE,pit_lane,,5s_time_penalty,1,Breach of Article 5 Chapter IV of Appendix L of the FIA International Sporting Code.
2019_qualifying_debb78a7a5,monaco,monaco,1950,,2019,,,,,,,,,,,,,qualifying,other,,,1,charles_leclerc,,scuderia_ferrari_mission_winnow,,,,,,,TRUE,other,,no_further_action,,Breach of Article 29.1 a) of the FIA Formula One Sporting Regulations.
2019_qualifying_84c6dface5,monaco,monaco,1950,,2019,,,,,,,,3,,,,,qualifying,other,,,2,"antonio_giovinazzi,car_27",,alfa_romeo_racing,,,,,,,TRUE,other,,a_drop_of_3_grid_positions_in_accordance_with_article_31.4_of_the_formula_one_sp,1,Breach of Article 31.5 of the FIA Formula One Sporting Regulations.
2019_practice_3695780042,monaco,monaco,1950,,2019,,,,,,,,,,,,,practice,other,,,1,charles_leclerc,,scuderia_ferrari_mission_winnow,,,,,,,TRUE,other,,reprimand,,Breach of Article 40.5 of the FIA Formula One Sporting Regulations.
2019_practice_e45af744d7,sochi,russia,2014,,2019,,,,,,,,,,,,,practice,pit_lane,,,1,pierre_gasly,,red_bull_toro_rosso_honda,,,,,,,TRUE,pit_lane,,the_competitor_(red_bull_toro_rosso_honda)_is_fined_€900.,,Breach of Article 22.10 of the FIA Formula One Sporting Regulations.
2019_qualifying_1e46a8e233,sochi,russia,2014,,2019,,,,,,,,,,,,,qualifying,technical,,,1,alexander_albon,,aston_martin_red_bull_racing,,,,,,,TRUE,technical,,required_to_start_the_race_from_the_pit_lane.,,Breach of Article 34.6 of the FIA Formula One Sporting Regulations.
2019_race_ed8ef2a8a7,sochi,russia,2014,,2019,,,,,,,,1,,,,,race,track_limits,,,1,kevin_magnussen,,haas_f1_team,,,,,,,TRUE,track_limits,,5s_time_penalty,1,Breach of Article 12.1.1.i of the FIA International Sporting Code.
2019_race_17e9db0249,sochi,russia,2014,,2019,,,,,,,,,,,,,race,other,,,1,kimi_raikkonen,,alfa_romeo_racing,,,,,,,TRUE,other,,drive_through,2,Breach of Article 36.13 a) of the FIA Formula One Sporting Regulations.
2019_race_c40e022cd2,marina_bay,singapore,2008,,2019,,,,,,,,2,,,,,race,collision,,,2,"george_russell,car_8",,rokit_williams_racing,,,,,,,TRUE,collision,,no_further_action,,"Alleged breach of Appendix L, Chapter IV Article 2 of the FIA International Sporting Code, read with Article 38.1 of the FIA Formula One Sporting Regulations."
2019_race_0229da0850,marina_bay,singapore,2008,,2019,,,,,,,,1,,,,,race,collision,,,2,"kimi_raikkonen,car_26",,alfa_romeo_racing,,,,,,,TRUE,collision,,no_further_action,,"Alleged breach of Appendix L, Chapter IV Article 2 of the FIA International Sporting Code, read with Article 38.1 of the FIA Formula One Sporting Regulations."
2019_practice_feac7677b2,marina_bay,singapore,2008,,2019,,,,,,,,3,,,,,practice,other,,,2,"sergio_perez,car_20",,sportpesa_racing_point_f1_team,,,,,,,TRUE,other,,reprimand,,Breach of Article 27.4 of the FIA Formula One Sporting Regulations.
2019_race_aae0e3be22,marina_bay,singapore,2008,,2019,,,,,,,,2,,,,,race,other,,,1,antonio_giovinazzi,,alfa_romeo_racing,,,,,,,TRUE,other,,10s_time_penalty,,Breach of Article 12.1.1.h and 12.1.1.i of the FIA International Sporting Code.
2019_qualifying_a325d24b54,marina_bay,singapore,2008,,2019,,,,,,,,,,,,,qualifying,other,,,1,sergio_perez,,sportpesa_racing_point_f1_team,,,,,,,TRUE,other,,drop_of_5_grid_positions.,,Breach of Article 23.5 (a) of the FIA Formula One Sporting Regulations.
2019_race_d17a5f56c0,marina_bay,singapore,2008,,2019,,,,,,,,1,,,,,race,collision,,,2,"carlos_sainz,car_27",,mclaren_f1_team,,,,,,,TRUE,collision,,no_further_action,,"Alleged breach of Appendix L, Chapter IV Article 2 of the FIA International Sporting Code, read with Article 38.1 of the FIA Formula One Sporting Regulations."
2019_race_bf6f44f3d2,marina_bay,singapore,2008,,2019,,,,,,,,1,,,,,race,collision,,,2,"nico_hulkenberg,car_55",,renault_f1_team,,,,,,,TRUE,collision,,no_further_action,,"Alleged breach of Appendix L, Chapter IV Article 2 of the FIA International Sporting Code, read with Article 38.1 of the FIA Formula One Sporting Regulations."
2019_race_932888577b,marina_bay,singapore,2008,,2019,,,,,,,,1,,,,,race,collision,,,2,"daniil_kvyat,car_7",,red_bull_toro_rosso_honda,,,,,,,TRUE,collision,,no_further_action,,"Breach of Appendix L, Chapter IV Article 2 of the FIA International Sporting Code, read with Article 38.1 of the FIA Formula One Sporting Regulations."
2019_race_5e68e294e0,marina_bay,singapore,2008,,2019,,,,,,,,2,,,,,race,collision,,,2,"romain_grosjean,car_63",,haas_f1_team,,,,,,,TRUE,collision,,no_further_action,,"Alleged breach of Appendix L, Chapter IV Article 2 of the FIA International Sporting Code, read with Article 38.1 of the FIA Formula One Sporting Regulations."
2019_qualifying_ddfbb26400,marina_bay,singapore,2008,,2019,,,,,,,,,,,,,qualifying,other,,,1,daniel_ricciardo,,renault_f1_team,,,,,,,TRUE,other,,disqualification,,Breach of Article 5.2.2 of the FIA Formula One Technical Regulations.
2019_practice_de17882497,marina_bay,singapore,2008,,2019,,,,,,,,,,,,,practice,other,,,1,lewis_hamilton,,mercedes_amg_petronas_motorsport,,,,,,,TRUE,other,,"the_competitor_(mercedes_amg_petronas_motorsport)_is_fined_€5,000.",,Breach of Article 6.5.2 of the FIA Formula One Technical Regulations.
2019_race_849b1e8e0e,barcelona,spain,1991,,2019,,,,,,,,1,,,,,race,other,,,1,lance_stroll,,sportpesa_racing_point_f1_team,,,,,,,TRUE,other,car_4,no_penalty_is_imposed.,,Involved in an alleged Incident as defined by Article 38.1 of the FIA Formula One Sporting Regulations.
2019_qualifying_94478cccf7,barcelona,spain,1991,,2019,,,,,,,,,,,,,qualifying,other,,,1,nico_hulkenberg,,renault_f1_team,,,,,,,TRUE,other,,required_to_start_the_race_from_the_pit_lane.,,Breach of Article 34.2 of the FIA Formula One Sporting Regulations.
2019_qualifying_68716166d4,barcelona,spain,1991,,2019,,,,,,,,,,,,,qualifying,other,,,1,nico_hulkenberg,,renault_f1_team,,,,,,,TRUE,other,,required_to_start_the_race_from_the_pit_lane.,,Breach of Article 34.2 of the FIA Formula One Sporting Regulations.
2019_race_49253c2053,barcelona,spain,1991,,2019,,,,,,,,1,,,,,race,other,,,1,lando_norris,,mclaren_f1_team,,,,,,,TRUE,other,car_4,no_penalty_is_imposed.,,Involved in an alleged Incident as defined by Article 38.1 of the FIA Formula One Sporting Regulations.
2019_qualifying_212e376927,barcelona,spain,1991,,2019,,,,,,,,,,,,,qualifying,other,,,1,george_russell,,rokit_williams_racing,,,,,,,TRUE,other,,drop_of_5_grid_positions.,,Breach of Article 23.5 a) of the FIA Formula One Sporting Regulations.
2019_practice_decad130b4,austin,usa,2012,,2019,,,,,,,,3,,,,,practice,other,,,1,lewis_hamilton,,mercedes_amg_petronas_motorsport,,,,,,,TRUE,other,,deletion_of_lap_time_(1:35.002)_in_accordance_with_article_12.3.1.d_of_the_fia_i,,"Breach of Appendix L, Ch IV, Article 2c of the FIA International Sporting Code and failure to follow the Race Director’s Race Notes 12.1.a)."
2019_race_055a456501,austin,usa,2012,,2019,,,,,,,,3,,,,,race,other,,,1,lando_norris,,mclaren_f1_team,,,,,,,TRUE,other,,deletion_of_lap_time_(1:38.803)_in_accordance_with_article_12.3.1.d_of_the_fia_i,,"Breach of Appendix L, Ch IV, Article 2c of the FIA International Sporting Code and failure to follow the Race Director’s Race Notes 12.1.a)."
2019_practice_e8a40de06c,austin,usa,2012,,2019,,,,,,,,,,,,,practice,other,,,1,sergio_perez,,sportpesa_racing_point_f1_team,,,,,,,TRUE,other,,required_to_start_the_race_from_the_pit_lane.,,Breach of Article 29.1 a) of the FIA Formula One Sporting Regulations.
2019_race_86feeb2f24,austin,usa,2012,,2019,,,,,,,,3,,,,,race,other,,,1,max_verstappen,,aston_martin_red_bull_racing,,,,,,,TRUE,other,,deletion_of_lap_time_(1:38.866)_in_accordance_with_article_12.3.1.d_of_the_fia_i,,"Breach of Appendix L, Ch IV, Article 2c of the FIA International Sporting Code and failure to follow the Race Director’s Race Notes 12.1.a)."
2019_race_464f35e698,austin,usa,2012,,2019,,,,,,,,3,,,,,race,other,,,1,kevin_magnussen,,haas_f1_team,,,,,,,TRUE,other,,deletion_of_lap_time_(1:41.540)_in_accordance_with_article_12.3.1.d_of_the_fia_i,,"Breach of Appendix L, Ch IV, Article 2c of the FIA International Sporting Code and failure to follow the Race Director’s Race Notes 12.1.a)."
2019_race_adced35999,austin,usa,2012,,2019,,,,,,,,3,,,,,race,other,,,1,antonio_giovinazzi,,alfa_romeo_racing,,,,,,,TRUE,other,,deletion_of_lap_time_(1:42.198)_in_accordance_with_article_12.3.1.d_of_the_fia_i,,"Breach of Appendix L, Ch IV, Article 2c of the FIA International Sporting Code and failure to follow the Race Director’s Race Notes 12.1.a)."
2019_practice_6aa031828b,austin,usa,2012,,2019,,,,,,,,3,,,,,practice,other,,,1,sebastian_vettel,,scuderia_ferrari_mission_winnow,,,,,,,TRUE,other,,deletion_of_lap_time_(1:39.342)_in_accordance_with_article_12.3.1.d_of_the_fia_i,,"Breach of Appendix L, Ch IV, Article 2c of the FIA International Sporting Code and failure to follow the Race Director’s Race Notes 12.1.a)."
2019_race_b45a72a88e,austin,usa,2012,,2019,,,,,,,,3,,,,,race,other,,,1,carlos_sainz,,mclaren_f1_team,,,,,,,TRUE,other,,deletion_of_lap_time_(1:43.326)_in_accordance_with_article_12.3.1.d_of_the_fia_i,,"Breach of Appendix L, Ch IV, Article 2c of the FIA International Sporting Code and failure to follow the Race Director’s Race Notes 12.1.a)."
2019_practice_c25f8d59b7,austin,usa,2012,,2019,,,,,,,,3,,,,,practice,other,,,1,george_russell,,rokit_williams_racing,,,,,,,TRUE,other,,deletion_of_lap_time_(1:42.278)_in_accordance_with_article_12.3.1.d_of_the_fia_i,,"Breach of Appendix L, Ch IV, Article 2c of the FIA International Sporting Code and failure to follow the Race Director’s Race Notes 12.1.a)."
2019_practice_0853894fd6,austin,usa,2012,,2019,,,,,,,,3,,,,,practice,other,,,1,alexander_albon,,aston_martin_red_bull_racing,,,,,,,TRUE,other,,deletion_of_lap_time_(1:36.424)_in_accordance_with_article_12.3.1.d_of_the_fia_i,,"Breach of Appendix L, Ch IV, Article 2c of the FIA International Sporting Code and failure to follow the Race Director’s Race Notes 12.1.a)."
2019_race_a214b7b8c9,austin,usa,2012,,2019,,,,,,,,3,,,,,race,other,,,1,romain_grosjean,,haas_f1_team,,,,,,,TRUE,other,,deletion_of_lap_time_(1:43.737)_in_accordance_with_article_12.3.1.d_of_the_fia_i,,"Breach of Appendix L, Ch IV, Article 2c of the FIA International Sporting Code and failure to follow the Race Director’s Race Notes 12.1.a)."
2019_race_e2ae6aa12b,austin,usa,2012,,2019,,,,,,,,1,,,,,race,collision,,,2,"alexander_albon,car_55",,aston_martin_red_bull_racing,,,,,,,TRUE,collision,none,no_further_action,,"Alleged breach of Appendix L, Chapter IV Article 2 of the FIA International Sporting Code."
2019_practice_3bfd50c992,austin,usa,2012,,2019,,,,,,,,3,,,,,practice,other,,,1,lando_norris,,mclaren_f1_team,,,,,,,TRUE,other,,deletion_of_lap_time_(1:34.882)_in_accordance_with_article_12.3.1.d_of_the_fia_i,,"Breach of Appendix L, Ch IV, Article 2c of the FIA International Sporting Code and failure to follow the Race Director’s Race Notes 12.1.a)."
2019_race_e248e8ca90,austin,usa,2012,,2019,,,,,,,,3,,,,,race,other,,,1,george_russell,,rokit_williams_racing,,,,,,,TRUE,other,,deletion_of_lap_time_(1:42.259)_in_accordance_with_article_12.3.1.d_of_the_fia_i,,"Breach of Appendix L, Ch IV, Article 2c of the FIA International Sporting Code and failure to follow the Race Director’s Race Notes 12.1.a)."
2019_qualifying_d1cfbc2e74,austin,usa,2012,,2019,,,,,,,,3,,,,,qualifying,other,,,1,daniil_kvyat,,red_bull_toro_rosso_honda,,,,,,,TRUE,other,,deletion_of_lap_time_(1:33.785)_in_accordance_with_article_12.3.1.d_of_the_fia_i,,"Breach of Appendix L, Ch IV, Article 2c of the FIA International Sporting Code and failure to follow the Race Director’s Race Notes 12.1.a)."
2019_practice_64703ca040,austin,usa,2012,,2019,,,,,,,,3,,,,,practice,other,,,1,lance_stroll,,sportpesa_racing_point_f1_team,,,,,,,TRUE,other,,deletion_of_lap_time_(1:41.577)_in_accordance_with_article_12.3.1.d_of_the_fia_i,,"Breach of Appendix L, Ch IV, Article 2c of the FIA International Sporting Code and failure to follow the Race Director’s Race Notes 12.1.a)."
2019_practice_b7014dbaef,austin,usa,2012,,2019,,,,,,,,3,,,,,practice,other,,,1,max_verstappen,,aston_martin_red_bull_racing,,,,,,,TRUE,other,,deletion_of_lap_time_(1:35.175)_in_accordance_with_article_12.3.1.d_of_the_fia_i,,"Breach of Appendix L, Ch IV, Article 2c of the FIA International Sporting Code and failure to follow the Race Director’s Race Notes 12.1.a)."
2019_race_d6a3fea696,austin,usa,2012,,2019,,,,,,,,3,,,,,race,other,,,1,daniil_kvyat,,red_bull_toro_rosso_honda,,,,,,,TRUE,other,,deletion_of_lap_time_(1:43.245)_in_accordance_with_article_12.3.1.d_of_the_fia_i,,"Breach of Appendix L, Ch IV, Article 2c of the FIA International Sporting Code and failure to follow the Race Director’s Race Notes 12.1.a)."
2019_practice_cea6030ab5,austin,usa,2012,,2019,,,,,,,,3,,,,,practice,other,,,1,daniil_kvyat,,red_bull_toro_rosso_honda,,,,,,,TRUE,other,,deletion_of_lap_time_(1:36.598)_in_accordance_with_article_12.3.1.d_of_the_fia_i,,"Breach of Appendix L, Ch IV, Article 2c of the FIA International Sporting Code and failure to follow the Race Director’s Race Notes 12.1.a)."
2019_qualifying_3546054c93,austin,usa,2012,,2019,,,,,,,,3,,,,,qualifying,other,,,1,alexander_albon,,aston_martin_red_bull_racing,,,,,,,TRUE,other,,deletion_of_lap_time_(1:32.782)_in_accordance_with_article_12.3.1.d_of_the_fia_i,,"Breach of Appendix L, Ch IV, Article 2c of the FIA International Sporting Code and failure to follow the Race Director’s Race Notes 12.1.a)."
2019_practice_9d351e0590,austin,usa,2012,,2019,,,,,,,,3,,,,,practice,other,,,1,pierre_gasly,,red_bull_toro_rosso_honda,,,,,,,TRUE,other,,deletion_of_lap_time_(1:37.212)_in_accordance_with_article_12.3.1.d_of_the_fia_i,,"Breach of Appendix L, Ch IV, Article 2c of the FIA International Sporting Code and failure to follow the Race Director’s Race Notes 12.1.a)."
2019_practice_057cdc242c,austin,usa,2012,,2019,,,,,,,,3,,,,,practice,other,,,1,kevin_magnussen,,haas_f1_team,,,,,,,TRUE,other,,deletion_of_lap_time_(1:36.994)_in_accordance_with_article_12.3.1.d_of_the_fia_i,,"Breach of Appendix L, Ch IV, Article 2c of the FIA International Sporting Code and failure to follow the Race Director’s Race Notes 12.1.a)."
2019_race_06f5be8f8d,austin,usa,2012,,2019,,,,,,,,3,,,,,race,collision,,,2,"daniil_kvyat,car_11",,red_bull_toro_rosso_honda,,,,,,,TRUE,collision,,5s_time_penalty,1,"Breach of Appendix L, Chapter IV Article 2d) of the FIA International Sporting Code."
2019_practice_a5e25c981e,austin,usa,2012,,2019,,,,,,,,3,,,,,practice,other,,,1,charles_leclerc,,scuderia_ferrari_mission_winnow,,,,,,,TRUE,other,,deletion_of_lap_time_(1:34.126)_in_accordance_with_article_12.3.1.d_of_the_fia_i,,"Breach of Appendix L, Ch IV, Article 2c of the FIA International Sporting Code and failure to follow the Race Director’s Race Notes 12.1.a)."
